{"count":1,"self":40.841177599999995,"total":41.7728956,"children":{"InitializeActuators":{"count":1,"self":0.0010002,"total":0.0010002,"children":null},"InitializeSensors":{"count":1,"self":0.0017946,"total":0.0017946,"children":null},"AgentSendState":{"count":1849,"self":0.0127364,"total":0.1693636,"children":{"CollectObservations":{"count":925,"self":0.14833369999999999,"total":0.14833369999999999,"children":null},"WriteActionMask":{"count":925,"self":0.00050559999999999993,"total":0.00050559999999999993,"children":null},"RequestDecision":{"count":925,"self":0.0077878999999999995,"total":0.0077878999999999995,"children":null}}},"DecideAction":{"count":1849,"self":0.25574169999999996,"total":0.25574169999999996,"children":null},"AgentAct":{"count":1849,"self":0.5038163,"total":0.5038163,"children":null}},"gauges":{"Wingman.CumulativeReward":{"count":605,"max":0.5,"min":-0.5540541,"runningAverage":-0.0604199134,"value":0.5,"weightedAverage":0.0138973594}},"metadata":{"timer_format_version":"0.1.0","start_time_seconds":"1746420473","unity_version":"6000.0.44f1","command_line_arguments":"C:\\Unity\\UnityEditor\\6000.0.44f1\\Editor\\Unity.exe -projectpath C:\\Unity\\UnityProjects\\BlackjackWingman -useHub -hubIPC -cloudEnvironment production","communication_protocol_version":"1.5.0","com.unity.ml-agents_version":"3.0.0","scene_name":"TrainingScene","end_time_seconds":"1746420515"}}