{"count":1,"self":3904.1179647999998,"total":4005.6811120999996,"children":{"InitializeActuators":{"count":1,"self":0.0015083,"total":0.0015083,"children":null},"InitializeSensors":{"count":1,"self":0.0010195,"total":0.0010195,"children":null},"AgentSendState":{"count":200009,"self":1.178138,"total":20.762723599999998,"children":{"CollectObservations":{"count":100005,"self":18.997784,"total":18.9977833,"children":null},"WriteActionMask":{"count":100005,"self":0.18777939999999999,"total":0.18777939999999999,"children":null},"RequestDecision":{"count":100005,"self":0.39902289999999996,"total":0.39902289999999996,"children":null}}},"DecideAction":{"count":200009,"self":26.178262399999998,"total":26.1782631,"children":null},"AgentAct":{"count":200009,"self":54.619059199999995,"total":54.619060999999995,"children":null}},"gauges":{"Wingman.CumulativeReward":{"count":65633,"max":0.5,"min":-1.99999964,"runningAverage":-0.0441178232,"value":-0.5,"weightedAverage":-0.172786459}},"metadata":{"timer_format_version":"0.1.0","start_time_seconds":"1744143466","unity_version":"6000.0.44f1","command_line_arguments":"C:\\Unity\\UnityEditor\\6000.0.44f1\\Editor\\Unity.exe -projectpath C:\\Unity\\UnityProjects\\BlackjackWingman -useHub -hubIPC -cloudEnvironment production","communication_protocol_version":"1.5.0","com.unity.ml-agents_version":"3.0.0","scene_name":"TrainingScene","end_time_seconds":"1744147471"}}