{
    "name": "root",
    "metadata": {
        "timer_format_version": "0.1.0",
        "start_time_seconds": "1743962015",
        "python_version": "3.10.11 | packaged by Anaconda, Inc. | (main, May 16 2023, 00:55:32) [MSC v.1916 64 bit (AMD64)]",
        "command_line_arguments": "C:\\Users\\Kaz\\miniconda3\\envs\\mlagents\\Scripts\\mlagents-learn --run-id=8DTC6 --force",
        "mlagents_version": "1.1.0",
        "mlagents_envs_version": "1.1.0",
        "communication_protocol_version": "1.5.0",
        "pytorch_version": "2.2.2+cu121",
        "numpy_version": "1.23.5",
        "end_time_seconds": "1743962140"
    },
    "total": 125.41623219999019,
    "count": 1,
    "self": 0.0038660000427626073,
    "children": {
        "run_training.setup": {
            "total": 0.019107599975541234,
            "count": 1,
            "self": 0.019107599975541234
        },
        "TrainerController.start_learning": {
            "total": 125.39325859997189,
            "count": 1,
            "self": 0.002764699747785926,
            "children": {
                "TrainerController._reset_env": {
                    "total": 36.06785290001426,
                    "count": 1,
                    "self": 36.06785290001426
                },
                "TrainerController.advance": {
                    "total": 89.22389930021018,
                    "count": 260,
                    "self": 0.0026800003251992166,
                    "children": {
                        "env_step": {
                            "total": 89.19013430050109,
                            "count": 260,
                            "self": 88.80772020062432,
                            "children": {
                                "SubprocessEnvManager._take_step": {
                                    "total": 0.38071150006726384,
                                    "count": 260,
                                    "self": 0.007966100587509573,
                                    "children": {
                                        "TorchPolicy.evaluate": {
                                            "total": 0.37274539947975427,
                                            "count": 251,
                                            "self": 0.37274539947975427
                                        }
                                    }
                                },
                                "workers": {
                                    "total": 0.0017025998095050454,
                                    "count": 259,
                                    "self": 0.0,
                                    "children": {
                                        "worker_root": {
                                            "total": 2.1283211998525076,
                                            "count": 259,
                                            "is_parallel": true,
                                            "self": 1.2656356995576061,
                                            "children": {
                                                "steps_from_proto": {
                                                    "total": 0.0002929999609477818,
                                                    "count": 1,
                                                    "is_parallel": true,
                                                    "self": 0.00015159993199631572,
                                                    "children": {
                                                        "_process_rank_one_or_two_observation": {
                                                            "total": 0.00014140002895146608,
                                                            "count": 2,
                                                            "is_parallel": true,
                                                            "self": 0.00014140002895146608
                                                        }
                                                    }
                                                },
                                                "UnityEnvironment.step": {
                                                    "total": 0.8623925003339536,
                                                    "count": 259,
                                                    "is_parallel": true,
                                                    "self": 0.010568900324869901,
                                                    "children": {
                                                        "UnityEnvironment._generate_step_input": {
                                                            "total": 0.008459199976641685,
                                                            "count": 259,
                                                            "is_parallel": true,
                                                            "self": 0.008459199976641685
                                                        },
                                                        "communicator.exchange": {
                                                            "total": 0.8110832000384107,
                                                            "count": 259,
                                                            "is_parallel": true,
                                                            "self": 0.8110832000384107
                                                        },
                                                        "steps_from_proto": {
                                                            "total": 0.03228119999403134,
                                                            "count": 259,
                                                            "is_parallel": true,
                                                            "self": 0.018822200712747872,
                                                            "children": {
                                                                "_process_rank_one_or_two_observation": {
                                                                    "total": 0.013458999281283468,
                                                                    "count": 518,
                                                                    "is_parallel": true,
                                                                    "self": 0.013458999281283468
                                                                }
                                                            }
                                                        }
                                                    }
                                                }
                                            }
                                        }
                                    }
                                }
                            }
                        },
                        "trainer_advance": {
                            "total": 0.031084999383892864,
                            "count": 259,
                            "self": 0.0031747990869916975,
                            "children": {
                                "process_trajectory": {
                                    "total": 0.027910200296901166,
                                    "count": 259,
                                    "self": 0.027910200296901166
                                }
                            }
                        }
                    }
                },
                "TrainerController._save_models": {
                    "total": 0.09874169999966398,
                    "count": 1,
                    "self": 0.00827180000487715,
                    "children": {
                        "RLTrainer._checkpoint": {
                            "total": 0.09046989999478683,
                            "count": 1,